,Date,Review,Rating
0," May 2, 2019", I think it is one of the best portrayals of childhood ever in the movies.,A+
1," January 3, 2019"," Just a tour de force of holiday agony, outrageous and hilarious.",
2," August 24, 2017"," Kids and guns, you can't go wrong with that combination. It adds up to a film that is sweet and sappy, yet still entertaining.",
3," November 30, 2015", It's a nostalgic comedy featuring a family of eccentrics who lovingly celebrate the holidays and life itself in Midwestern America in the 1940s.,
4," December 30, 2013"," It takes pause to recognize the collective good nature we owe to one another all year round, and pays that knowledge forward with charm and wistfulness.",4/4
5," December 29, 2013"," Never boring, and holds up wonderfully to repeated viewings.",
6," December 4, 2013", It has a warmth and humor that soar with the season.,
7," December 4, 2013", [A] richly remembered tale of Christmas past.,3.5/4
8," December 4, 2013"," It won't make anyone forget Miracle on 34th Street, but this is pleasant fare as far as holiday films go nowadays, which isn't very far.",
9," December 4, 2013"," This witty, insightful, hugely enjoyable movie is riven with glorious home truths and a merciful lack of saccharin.",4/5
10," November 18, 2013"," An underlying sweetness keeps the cynicism from getting out of hand, while the more subversive moments help temper its saccharine tendencies.",A
11," December 5, 2012"," Shepherd provides the voice-over of the grown hero narrating, and his prominence on the sound track forces Clark to focus on visual humor, resulting in some wild Our Gang-style slapstick.",
12," December 21, 2010", Wonderful antidote to saccharine holiday tales.,5/5
13," December 25, 2009"," This great heartwarming comedy from the director of Porky's was a flop during its theatrical run, but, like It's a Wonderful Life, has become a staple on cable during the holiday season.",3.5/4
14," June 10, 2008"," If you're a fan of Christmas movies or films that use nostalgia as a driver, A Christmas Story cannot be missed. Then again, if you're in either category, you have probably already seen it.",3.5/4
15," June 24, 2006"," Delightfully entertaining, with a wryly amusing narration to keep the adults in the audience smirking.",
16," February 20, 2006"," Funny, touching and unabashedly nostalgic. A true classic.",9/10
17," August 12, 2005", A great Hollywood classic!,5/5
18," October 25, 2004"," Upon its release over 20 years ago, everyone realized THIS is a modern classic holiday film.",A+
19," January 5, 2004", The vignettes are priceless.,A-
20," December 26, 2003"," With much affectionate humor, A Christmas Story recalls vividly what it was like to be a kid at Christmas in a more innocent era.",A-
21," December 24, 2003", Never fails to take me back to a place of welcomed innocence yet it doesn't make me wish I were back there.,
22," November 4, 2003", [It has] emerged over the past two decades as second only to It's a Wonderful Life as the definitive Christmas flick.,3.5/4
23," October 10, 2003"," ...sharp, insightful observations, a careful attention to period detail, and, most of all, a gentle good humor.",10/10
24," October 10, 2003", A Yuletide viewing favorite.,
25," October 5, 2003", It's so sweet but it has the cynical heart of pre-WWII America.,5/5
26," July 30, 2003"," The laughs are nonstop if rarely subtle, and the whole thing deserves to become a Christmastime classic.",4/5
27," July 10, 2003", Maybe the best Christmas movie ever made!,5/5
28," June 13, 2003", My family watches it every Christmas. My sons tell me I'm getting to be more like the old man with each passing year.,5/5
29," May 20, 2003"," There are a number of small, unexpectedly funny moments in A Christmas Story, but you have to possess the stamina of a pearl diver to find them.",
30," May 14, 2003", Few Christmas films are funnier.,5/5
31," March 23, 2003", There are countless hilarious scenes in this film.,
32," November 1, 2002"," Sentimental without being nauseating, subversive without losing its heart, and a justly celebrated holiday classic.",4/5
33," October 24, 2002"," There's a reason they run this for 24 hours every December -- it really is that good, maybe the best Christmas movie ever.",5/5
34," October 18, 2002", A classic.,5/5
35," October 17, 2002"," Funny, charming, and built around a classic Darren McGavin performance",4/5
36," October 4, 2002", A Christmas classic to be enjoyed over and over - just don't put your eye out.,5/5
37," July 28, 2002"," Sweet, funny and loaded with warm nostalgia.",5/5
38," February 13, 2001", There is a real knowledge of human nature beneath the comedy.,3/4
39," February 13, 2001", kid's eye view of family life and Christmas,4/5
40," January 1, 2000"," A comfortable, homey movie.",9/10
41," January 1, 2000", A delightful movie.,85/100
42," January 1, 2000", The script's lack of subtlety and effective wit makes for an increasingly tiring experience.,2/4
43," November 18, 1983", A Christmas Story's message is aimed at children and at the child in all of us for whom the Spirit of Christmas is alive and well.,4/4
44," August 12, 2005", ,2/5
45," July 4, 2005", ,3/5
46," April 21, 2005", ,2/5
47," April 14, 2005", ,4/5
48," September 17, 2004", ,3/5
49," December 26, 2003", ,5/5
50," April 4, 2003", ,5/5
51," January 30, 2003", ,4/5
52," January 4, 2003", ,3/5
53," November 22, 2002", ,5/5
54," October 18, 2002", ,4/5
55," October 17, 2002", ,5/5
56," January 1, 2001", ,2/5
