,Date,Review,Rating
0," April 3, 2019"," It feels rushed and there are definitely the most plotholes in this entry in the series. Still, when it does work it really works.",B-
1," January 25, 2018"," Goblet of Fire is great, very watchable and re-watchable.",
2," December 8, 2014", Where Newell really scores is in taking a leaf out of Peter Jackson's book and cranking up the fear factor.,4/5
3," December 8, 2014"," For those like me who are outside but sympathetic to the faith, it looks like another handsomely made, good-natured and high-spirited family movie, which is dramatically stymied through being locked within school grounds.",3/5
4," December 8, 2014"," For the first time, adults might actually enjoy a Harry Potter film as much as children.",
5," December 8, 2014"," Goblet is really just a glorified, 157-minute teaser trailer, an empty epic of proportions that truly stagger.",1.5/5
6," December 8, 2014"," The adolescent subplot is treated sweetly by Newell. The awkward dances and dating faux pas at the school ball feel like additions from some other, less mythic series, and form a welcome respite from the intense magic-making of the rest of the film.",3.5/5
7," December 8, 2014"," Much of the credit goes to Radcliffe and his co-stars, who have become better actors with each film. They have become increasingly adept at conveying great emotion as each film demands more of them.",4/4
8," December 8, 2014"," I think this is the best Potter film yet, for one simple reason: it's not like a Harry Potter film.",
9," December 8, 2014"," In its last third, The Goblet of Fire builds to a climax of such overpowering dread that you might just forget the rest. Harry grows up in an instant, and the film does, too.",
10," December 8, 2014", The acting is stronger than ever in this fourth installment.,3.5/4
11," December 8, 2014"," By demonstrating to us how Harry and his friends are budding and changing and struggling, the film demonstrates the progressive richness of Rowling's storytelling skills and oddly haunting allure of her writing.",3.5/4
12," December 8, 2014"," All in all, Goblet of Fire is certainly the best Potter yet, with most of the cast doing their roles justice, some great direction and Steven Kloves' screenplay makes the core of Rowling's novel into a fast-paced but easily-comprehensible enjoyable movie.",5/5
13," December 8, 2014"," Kloves has streamlined J. K. Rowling's 700-plus-page opus into cinematic fighting form. And the special effects, which threatened to overwhelm the first two movies, are seamlessly integrated.",
14," December 8, 2014"," Harry Potter and the Goblet of Fire is mostly satisfying, simply because such technical precision and meaningful special effects are rare in fantasy films today.",B+
15," December 8, 2014"," This fourth segment of now-adolescent Harry Potter's story, while arguably the best made, is also the most gruesome, and dark.",
16," December 8, 2014"," With its grand special effects, many small moments of charm, and continuing development of the characters, Harry Potter and the Goblet of Fire takes us into a world that, evil or not, makes us reluctant to leave.",4/5
17," November 22, 2013", Newell vividly conjures up a world fraught with real danger.,3/5
18," November 22, 2013"," As young wizard Harry Potter continues to mature, so too does this exciting fantasy franchise.",4/5
19," November 22, 2013"," Goblet again serves up a delicious who's who of British acting, with hilarious contributions from newcomers Brendan Gleeson as instructor Alastor ""Mad-Eye"" Moody and Miranda Richardson as nosy reporter Rita Skeeter.",3.5/4
20," November 22, 2013"," Goblet of Fire is more effective in these smaller, more intimate moments than in the bloated bombast of its larger set pieces.",
21," June 15, 2013"," Very boring, recycled from the previous installments, and immensely underwhelming.",
22," January 13, 2013", Wait a minute. Sequels aren't supposed to get better.,3.5/4
23," July 16, 2011", It's downright scary how good this movie is.,
24," June 27, 2011"," A huge cast, plenty of special effects and Harry gets a battering -- pretty much as you'd expect.",3.5/5
25," June 27, 2011"," A marked disappointment after Harry Potter and the Prisoner of Azkaban, this fourth installment in the franchise is a 157-minute holding pattern.",
26," April 26, 2011", The Goblet of Fire is a more mature story and its young stars prove they have the acting skills to grow with their characters.,3.5/5
27," March 22, 2011", Easily the best Harry Potter film so far.,8/10
28," November 6, 2010"," The story is engrossing, but Mike Newell's adaption is a little too dull and by-the-numbers following Alfonso Cuaron's visual tour-de-force.",7/10
29," September 1, 2009"," Chapter four in the boy-wizard franchise, and still no good scenes, interesting characters, or true imagination",
30," April 3, 2009"," Followers of the series will find a more mature Harry and a more mature style, less sugary but not actually drier than the previous films.",+2 out of -4..+4
31," October 18, 2008", Goblet has enough sense of real kids maturing and believably facing problems to cast some genuine spells.,3.5/4
32," July 23, 2008", A solid but mostly uninspired melding of the adventure and fright that have been the benchmarks of the franchise.,3/4
33," January 15, 2008"," Like a fine wine, Harry Potter continues to improve with age as each succeeding film version of Rowling's books seemingly surpasses the last.",
34," July 14, 2007", Finally we're seeing Harry (the character and the series) grow up.,3.5/4
35," March 1, 2007"," The action in Goblet of Fire is more exciting and faster-paced than in previous Potter films, and visually, it is by far the most splendid.",
36," September 28, 2006"," This new story starts off as just another adventure, more or less, but by the end, the situation faced by its protagonists has become much darker, and much more dire.",3/4
37," September 28, 2006", Never feels anything other than a single thread of a larger narrative.,
38," September 10, 2006", click to read full review [Greek],4/5
39," August 26, 2006"," The grim tone feels overwrought but, in [Mike] Newell's hands, and in those of his cast and screenwriter's, the movie remains dramatically solid",3/4
40," June 24, 2006"," Newell handles this unfamiliar material competently enough, but the film never picks up any true momentum.",3/5
41," April 1, 2006"," It's refreshing that Potter 4 aspires to be a paranoid thriller rather than yet another detective mystery. House points, too, for the movie's terrific effects and considerable charm.",3/5
42," March 21, 2006"," The series is now being treated as it should be, with the right mix of magic, danger, and drama, without watering anything down just so a younger audience can be snagged.",5/5
43," March 18, 2006"," Anything but a disappointment. Even if it doesn't achieve the lyrical enchantment of Prisoner of Azkaban, it nonetheless makes good on Rowling's darker turn in the series.",3/5
44," February 21, 2006"," For me, the best entry in the series--the sweetest, the most exciting, the most moving, and the most touching.",9/10
45," February 9, 2006"," Goblet is deliciously dark, wickedly funny and superbly mounted.",
46," February 7, 2006"," In the book this is a wholly engrossing story -- an epic tale of good and evil and loss and yearning. Transported to the screen, however, it has sustained a few dinks and dents. ",2.5/4
47," January 17, 2006"," It's too episodic, relying on action rather than emotion. The pace is headlong, so that the characterisation suffers.",
48," January 9, 2006", The film's quick pace and near-constant action carries you along quite nicely.,4/5
49," December 29, 2005", So bloated and joyless that it makes one pine for the bland mediocrity of Chris Columbus.,C
50," December 27, 2005"," Even though Goblet of Fire clocks in at a robust 157 minutes, Newell handles the massive story with seeming ease, keeping the pace taut and intensifying the pervasive menace that lurked more subtly in the previous films.",4/4
51," December 12, 2005"," With the Triwizard Tournament as the centerpiece, director Mike Newell fashions an action film for children that may be without any reasonable challengers.",B+
52," December 9, 2005"," Closer kin to numbers one and two in the series, in both massive running time and playing like more of a book-on-film than the artistic peak achieved by Alfonso Cuarón in the third installment.",8/10
53," December 8, 2005"," Without ever losing sight of what makes a Potter film truly magical, [director Mike] Newell provides an aura of genuine dramatic gravity.",4.5/5
54," December 8, 2005", The most focused Potter movie yet... it's all about puberty and death.,Full ReviewRead More 
55," December 6, 2005"," Newell not only does Harry Potter right but eclipses the scope, scares and drama of his J.K. Rowling source novel.",
56," December 6, 2005"," It emphasizes the emotional development of its characters with dramatic interplay rather than expressionistic, atmospheric gloom.",3.5/5
57," December 6, 2005", Thankfully we have the increasingly interesting characters and their interactions to provide the bulk of the entertainment.,8/10
58," December 6, 2005"," Newell has always been a capable showman, and he doesn't cheat the Potter audience. Yet I don't think he wows it, either.",B-
59," December 6, 2005"," Whenever it hits its stride, it's a well-acted, vividly executed, full-speed-ahead special-effects extravaganza that puts as much bang as possible into every remaining scene.",
60," December 6, 2005"," What does work, as in the last film, is how richly the filmmakers dive into Harry's growing and evolving adolescent personality.",3/4
61," December 6, 2005", An overlong film.,
62," December 6, 2005", Works as a piece of blockbuster entertainment.,3/5
63," December 6, 2005", The film's real pleasure is in the connections it makes (whether intentional or not) to current 'real world' questions about the beneficence of institutional authority.,
64," December 6, 2005"," Newell proves -- well, wizardly in depicting Hogwarts' inner workings.",B
65," December 6, 2005"," A focussed, efficient film that lacks charm but gets the job done.",4/5
66," December 6, 2005"," Let the adjectives roll – this is the most thrilling, exciting, magical kids movie I’ve seen since, well, since the last Harry Potter film.",4/5
67," December 6, 2005"," It feels a little rushed, and although it is still a picture worth seeing, it stands as one of the weaker chapters in the Potter series.",3/5
68," December 6, 2005"," Once again Grint, who has grown up to be a talented comic actor, is the scene stealer here. If I had a crystal ball, I'd say he's the actor whose post-Potter future seems most certain.",3.5/4
69," December 6, 2005", The human element is never overshadowed by the flashy stuff.,3.5/4
70," December 6, 2005", Enjoyable sequel that should please fans of both the books and the films %u2013 it looks as gorgeous as the last one did and this time they've even tightened up the plot a bit.,4/5
71," December 6, 2005"," Goblet has some truly stunning moments, especially the pitch black finale.",3.5/5
72," December 6, 2005", Harry Potter and the Goblet of Fire is yet another solid entry into the Harry Potter franchise.,9/10
73," December 5, 2005", The first Potter film to improve on the book,
74," December 5, 2005"," A sombre and dark entry into the series, but one that is well-worth seeing.",83/100
75," December 2, 2005", Wondrous to behold.,4/4
76," December 1, 2005"," Goblet of Fire is largely about the growing pains as the children inch towards adulthood, including love and all that comes with it, and Newell does a strong job of painting adolescent jealousy, crushes, and discomfort.",60/100
77," December 1, 2005"," The exhilarating Harry Potter and the Goblet of Fire takes the best parts of J.K. Rowling's fourth installment and serves them up in one heck of an action-packed, albeit darker, film. Parents, be forewarned--this isn't kid's stuff anymore. ",4/4
78," November 29, 2005", An overstuffed plot doesn't slow down the proceedings as much as convey that there's much at stake in Harry's increasingly sinister world.,3/4
79," November 28, 2005"," For someone who has read the book, the film is very satisfying; glosses over important information for the uninitiated.",4/5
80," November 27, 2005"," Harry Potter ha crecido y para bien, lo que abre el apetito para la próxima cinta de la serie. Encantadora y mágica, es sin duda una de las más gratas sorpresas del año.",3.5/4
81," November 27, 2005"," The best part, I think, is that this fourth Harry Potter film goes further than its predecessors in setting out a moral map that reaffirms the values of human decency, loyalty and selflessness - and does so with great flair and endless entertainment.",
82," November 24, 2005"," Tenso e envolvente, embora substitua a complexidade psicológica e emocional do filme anterior por uma montagem mais preocupada com a história do que com os personagens.",4/5
83," November 24, 2005"," For once, Harry Potter is pushed to his limits. He doesn't just wave his flippin' wand and win the day.",B
84," November 23, 2005"," Has the curious distinction of being perhaps the best of the Harry Potter series, while not being quite the best film in its own right. ",4.5/5
85," November 23, 2005", My cup runneth over with tedium during this 2 1/2-hour supernatural slog.,2/4
86," November 23, 2005"," The billion-dollar franchise continues its reliable mix of youthful wonder, charm, and sense of adventure, all while making it accessible to adults and children alike.",9/10
87," November 23, 2005", Hits all the right spots but there's crucial context missing at times that leaves a vastly different impression with those who have followed the films but not read the books.,3.5/5
88," November 23, 2005"," Harry Potter fans will not be disappointed by the happenings at Hogwarts. Gone are the 'cute' little wizards and witches-to-be, but it's still magical.",4/5
89," November 23, 2005"," Once again, the young wizard has audiences enchanted.",3.5/4
90," November 23, 2005", ...nothing much can dim this material.,
91," November 22, 2005", ...another year has passed at Hogwarts and Ron Weasley is another year uglier.,
92," November 22, 2005", The Harry Potter series just keeps getting better and more interesting.,3.5/4
93," November 22, 2005"," Si dejamos de lado el tratar de forma recalcitrante de hacer una copia del libro, la película es una buena muestra de diversión y cine de fantasía.",3.5/5
94," November 22, 2005", Time drags between the feats of abdacadbra.,
95," November 22, 2005", Kloves has successfully streamlined the 734-page novel into a concise adaptation which focuses on the driving dynamic of the story but still feels coherent.,3/4
96," November 21, 2005", The latest episode of JK's wonderful allegory of childhood maturity demands your muggle attention,4.5/5
97," November 21, 2005"," It's sweet, it's charming, it's endlessly involving... the best yet of the Potter films.",5/5
98," November 21, 2005"," As exhilarating as it is daunting, 'Goblet of Fire' is all grown up.",4/5
99," November 21, 2005"," What will allow the remaining films to prosper, is the words that we hear at the start, from an elderly caretaker: ""Bloody kids.""",
100," November 21, 2005"," Stylistically, the most stylistically stunning film of the series ceases to be wondrous ... once its characters enter the painfully petty years of adolescence.",3/4
101," November 21, 2005", The special effects are first rate but I think it's always going to be about the characters. And they're great characters.,
102," November 21, 2005", It's always a treat to see what big-studio-franchise cash can produce in the way of top-flight British (and Irish) actors.,
103," November 21, 2005", La srie Harry Potter ne deviendrait-elle que l'quivalent magique des films de James Bond?,3/5
104," November 21, 2005"," The ball is coming. It's a 'night of well-mannered frivolity,' as Maggie Smith puts it, 'much like the splendidly impetuous time I had with Harry Hamlin in Clash of the Titans.'",A
105," November 21, 2005"," A film with such fiercely written source material, the best effects money can buy, and the support of J.K. Rowling, can't be bad.",B
106," November 21, 2005"," Think of it as a sort of Sixteen Wands, and you won't be disappointed.",3.5/5
107," November 20, 2005"," Harry Potter and the Goblet of Fire is more competent than inspired, but that's still not bad.",3/4
108," November 20, 2005"," Masterful storytell[ing], ceaselessly and effortlessly tantalizing and satisfying",
109," November 20, 2005"," Of the several strange and thrilling sights in Harry Potter and the Goblet of Fire, a noseless Ralph Fiennes may be the strangest and most thrilling.",
110," November 20, 2005"," Overall, Goblet is a feistier, darker and more suspenseful extension of a cherished film franchise that oddly prospers with cinematic age.",3.5/4
111," November 19, 2005", One of the best in the impressive Potter series.,3.5/5
112," November 19, 2005", This is really cool!,3.5/5
113," November 19, 2005"," While a must-see for rabid fans, Harry Potter and the Goblet of Fire will impress nondevotees only with its seamless special effects and captivating action sequences.",3/4
114," November 19, 2005", ... to finally watch the key scenes so vividly described by the author realized perfectly onscreen is worth admission alone (and even a few extra viewings besides).,3.0/4.0
115," November 19, 2005", [Mike] Newell turns the spine-tingling and well-crafted world J.K. Rowling created for the novel into a lump of flat banality.,5/10
116," November 18, 2005", It's nearly as epic in its scope and deep in its philosophy as the 'Lord of the Rings' films were -- the first film in this series to even approach such heights.,A-
117," November 18, 2005", Wow! Harry and his pals are back and they are better than ever.,
118," November 18, 2005"," Maybe if I had read one of the books first, seeing it come alive on the big screen would be a more seductive and satisfying experience.",
119," November 18, 2005"," As a whole, [it] is the least impressive of the four Potter films.",2/4
120," November 18, 2005"," This is the best ""Harry Potter,"" yet, and should be the benchmark that all the rest, past and future, should be compared",A-
121," November 18, 2005"," You feel the durable franchise (now on its third director, Mike Newell) has a promising future, since its young principals have developed skills.",
122," November 18, 2005"," Inventive visuals and funny bits abound, but the film's gritty look and unsentimental characterizations -- Harry, Hermione and Ron are far from golden teens -- ominously foreshadow the truly wicked shape of things to come.",3/4
123," November 18, 2005"," Screenwriter Kloves deserves a tip of the wizard's hat for cutting Rowling's immense tome (636 pages) down to size, and for keeping the story moving despite a surfeit of characters and incidents.",3/4
124," November 18, 2005", Not just an efficient babysitter but a wizard of a movie.,
125," November 18, 2005"," With Harry Potter and the Goblet of Fire, director Mike Newell offers a fine addition to the Harry Potter film franchise without presenting any truly spectacular elements.",3/4
126," November 18, 2005"," Swiftly paced and wonderfully atmospheric, Harry Potter and the Goblet of Fire will satisfy both the most ardent Potter-philes and newcomers to the Rowling franchise.",3/4
127," November 18, 2005"," Visually exciting and dramatically flaccid, Harry Potter and the Goblet of Fire seems destined to separate the faithful from the phonies.",2.5/4
128," November 18, 2005"," If there's a Harry Potter fan at your house, you're going to this movie regardless of what anybody says about it. Fortunately, what most people are saying about Harry Potter And The Goblet Of Fire is, 'wow!'",4/5
129," November 18, 2005"," The real hero of the fourth Harry Potter film isn't the teenage wizard but screenwriter Steve Kloves, who has magically transformed J.K. Rowling's bloated, 734-page novel into a more swiftly paced, entertaining script.",3/4
130," November 18, 2005"," The special effects blend impeccably with a robust, forward-driving sense of action.",
131," November 18, 2005"," Like Chris Columbus, Newell delivers what is essentially an illustrated condensation of Rowling's novel.",2.5/4
132," November 18, 2005", There is still some subtle and unexpected levity.,3/4
133," November 18, 2005", ...likely will be enjoyed by those who read the 734-page book -- and were smart enough to bring it into the theater with them for quick reference.,2/4
134," November 18, 2005", Newell deftly mixes in sweet teenage angst and lighter moments of physical humor.,3/4
135," November 18, 2005"," This edition advances the Potter saga through the presentation of a variety of set pieces, some quite spectacular. And if the movie sometimes loses momentum, it contains enough grand sights and magical mayhem to stir even skeptical imaginations.",B
136," November 18, 2005"," It boasts some strong performances. Irish character actor Brendan Gleeson steals the show as the appropriately named Alastor 'Mad-Eye' Moody, and the three young leads show increasing confidence in front of the camera (especially Grint).",3/4
137," November 18, 2005"," A brisk, darkly-tinged adventure yarn that boosts the action quota considerably and as such becomes a whirlwind blast of post-summer escapism.",4/5
138," November 18, 2005"," With more melodrama, meatier magic and much malevolence, the latest film foray into J.K. Rowling's wizard world proves the fourth time can be a charm, too.",B+
139," November 18, 2005"," Frankly, the entire film felt like the cinematic version of Hamburger Helper -- too little meat trying to do too much.",
140," November 18, 2005"," Mike Newell does an exceptional job translating the fourth book to the screen, showing a remarkable flair for cutting-edge visuals.",3.5/5
141," November 18, 2005"," Newell snags Cuarón's cinematic baton and sprints, maintaining the dark tone of Azkaban while sprinkling in healthy doses of humor and humanity.",3.5/4
142," November 18, 2005", The most frightening Potter film and the best. ,
143," November 18, 2005", An acceptable but far from challenging adaptation that almost any director could duplicate.,2.5/4
144," November 18, 2005"," What was a sneaking suspicion after the first three movies has become irrefutable proof [here]: if you are not a fan of, and intimately familiar with, the Harry Potter novels, you're not welcome here",D
145," November 18, 2005"," ""Harry Potter and the Goblet of Fire"" will satisfy the older fans who have read the book:",3/5
146," November 18, 2005"," Although the plot of this installment explores 'three unforgivable curses,' the sequel avoids the 'curse of the fourth film,' proving there is still a heap of charm left in this young wizard's tale.",3/4
147," November 18, 2005"," A rare film that does it all and never loses itself along the way. Successfully blends drama, action, comedy, romance, and mystery to form an almost flawless movie.",A
148," November 18, 2005", The days of cheesy basilisks and house-elves are gone -- things have taken a sharp turn into Bleaksville.,7/10
149," November 18, 2005"," Dark and daring; the novel takes a shockingly violent turn in its final pages, and the PG-13 rated film doesn't shy away.",B
150," November 18, 2005"," ""Goblet of Fire"" is the first film in the series to mark a turning point in terms of quality of direction and storytelling.",B-
151," November 18, 2005", Does a fine job consolidating all the important elements of J.K. Rowling's book. You get the same arc for every character and it doesn't take a month and a half to finish.,
152," November 18, 2005"," The latest entry... leaves out subplots and entire characters, yet gets it exactly right. It doesn't lose what's crucial to the story...",3.5/4
153," November 17, 2005", Cuaron's film still ranks as the best...but not by much.,3.5/4
154," November 17, 2005"," Forget battling dragons or dealing with mer-people in the dangerous tournament, Goblet of Fire is as much about the angst of young love as it is about wizardry.",3.5/4
155," November 17, 2005", What sets this outing apart from the three that have come before it is its darker tone.,A-
156," November 17, 2005"," As we come to the midpoint of J.K. Rowling's tales, it may have finally turned the page for the better.",3/4
157," November 17, 2005"," Goblet of Fire is easily the most confident of the series, with the production finally comfortable with the demands of the divided audience, and not afraid to please both.",A-
158," November 17, 2005"," Offers some of the series' most magical imagery… Alas, with so much territory to cover, some characters get short shrift.",B
159," November 17, 2005", Director Mike Newell has brought majesty and magic back,5/4
160," November 17, 2005"," Although Valdemort is a bad guy, this is a good thing for movie audiences. He's set up to be the new Darth Vader of pop culture.",4/5
161," November 17, 2005", Newell expertly makes the smallest moment of adolescent longing as vivid and meaningful as the WOW-worthy special effects. ,A-
162," November 17, 2005"," has succeeded in doing one big thing that the first three movies completely failed at: For the first time, I'm actually looking forward to the next in the series.",4/5
163," November 17, 2005"," Although last year's installment, The Prisoner of Azkaban, was supposed to the be the darkest in the series I daresay Goblet of Fire is darker still.",
164," November 17, 2005", Another solid chapter in an eminently reliable franchise.,B
165," November 17, 2005"," There is a good movie here, but there is too much story for such little time. ",B-
166," November 17, 2005"," Flawed and too long, but not bad",3/4
167," November 17, 2005"," In his scheme of things, fighting a dragon is nothing compared to the terrors of a first date.",A-
168," November 17, 2005"," There's ample reason to stay with this series. When Harry says 'I love magic,' you believe it.",A-
169," November 17, 2005", Goblet of Fire promises fans of both the film franchise and the book series a wonderful time in the theater.,3.5/4
170," November 17, 2005"," Newell's film, unlike its predecessors, fails to generate fresh wonder...but on balance Rowling's creative opus--roiling with hormonal consequences and eye-popping effects--continues to earn its crowds. [Blu-ray]",3/4
171," November 17, 2005"," a superb, swiftly paced fantasy that cleverly balances its incredible events with plenty of adolescent aches and pains that even Muggles can identify with.",4/4
172," November 17, 2005"," For all its small delights and impressive effects..., there's no big payoff -- only the promise of more to come in the fifth movie.",3/4
173," November 17, 2005"," Harry's cup...er goblet... runneth over with magic, suspense, humor and even a hint of romantic tension",7/10
174," November 17, 2005"," There's little to feel wonder towards this time, as danger, insecurity, and awkwardness loom large and overshadow any magical discoveries.",9/10
175," November 17, 2005"," Once Potter ditches scenes that feel taken from Beverly Hills 90210 meets Scooby-Doo, I will approach the series with more than just guarded optimism.",
176," November 17, 2005"," This is another great movie for Mom and Dad to watch with the kids, BUT be warned it is PG-13 this time. I susect the death of a character and the increase of evil acts is the reason for this. If you think your children are prepared for these topics, the",5/5
177," November 17, 2005"," The fourth installment (yes, it never ends) in the series about the little wizard with the round glasses grows so violent and ghoulish that it drains the appeal of stories that are best when they stay innocuous.",2.5/5
178," November 17, 2005", Harry Potter and the Goblet of Fire is probably the most engaging Potter film of the series thus far.,
179," November 17, 2005", Goblet of Fire is the second-best of the Potter films.,3/4
180," November 17, 2005", The strongest film of the bunch.,3.5/4
181," November 17, 2005"," It's the first Potter movie in which the student characters and their emotional situation is the equal of the special effects, the elaborate settings and the gallery of brilliant British actors in supporting roles.",
182," November 17, 2005"," it's still a lot of fun, but you can sense all of the missing material which makes this Harry Potter not quite up to par with the other three installments.",3/4
183," November 17, 2005", This is the darkest and most adventurous Potter film to date. Its 156 minutes fly by.,10/10
184," November 17, 2005"," Harry Potter and the Goblet of Fire, fourth in the string, has a heated darkness.",3.5/4
185," November 17, 2005", Goblet offers its own brew of wondrous chimera combined with the wonders of human nature.,3/4
186," November 17, 2005"," Though the special effects in this film are often breathtaking, the real drama is here is exactly where it should be: in a young man's frightened but resolute eyes.",3.5/4
187," November 17, 2005", It's scarier than the previous three movies and more poignant.,3/4
188," November 17, 2005"," In Harry's world, it turns out that the everyday struggles of adolescence are scarier than anything a dark lord -- even one raised from the dead -- can muster. But then, any teenager could tell you that.",2.5/4
189," November 17, 2005"," It's not until Harry Potter and the Goblet of Fire that a film has successfully re-created the sense of stirring magical adventure and engaged, edge-of-your-seat excitement that has made the books such an international phenomenon.",
190," November 17, 2005", A movie that assures us that the journey we are on will be worth the time and emotion that's been invested in it.,3/4
191," November 17, 2005"," More impressive than wondrous, it won't transform the series, but it moves it along, pushing its charges toward adulthood and the mean sorcery of the grown-up world.",B-
192," November 17, 2005", Easily the most involving of the movies so far.,3.5/4
193," November 17, 2005"," The best thing about the picture is Harry's new maturity: For the first time, he dominates a picture named for him.",3/4
194," November 17, 2005"," There's a darkness on the edge of Hogwarts, and its name is adolescence.",3.5/4
195," November 17, 2005"," As Harry, Ron and Hermione enter the awkward stage, the young people portraying them -- Daniel Radcliffe, Rupert Grint, Emma Watson -- grow ever more confident as professional actors.",3.5/4
196," November 17, 2005"," The visual magic of the story, as well as some enormously welcome glimmerings of humor, gives it the solid feel of a well-tended franchise.",3/4
197," November 17, 2005"," Harry Potter and the Goblet of Fire, fourth in the fantasy franchise, is the most fun and the most fraught with conflict.",3/4
198," November 17, 2005"," The film follows in the fantasy tradition of stretching perceptions of the possible, and it does so in a richly realized and recognizably human universe.",A-
199," November 17, 2005", It balances the exhilaration of independence -- one of the great joys of growing up -- with the sobering realization that being a grown-up means there's no one around to protect you.,
200," November 17, 2005"," A model of exhilarating, economic storytelling.",3/4
201," November 17, 2005", Harry Potter and the Goblet of Fire might be the best time you have at the movies all year.,3.5/4
202," November 17, 2005"," Adolescence is no less sticky a situation for multibillion-dollar movie franchises than it is for young witches and wizards, and what is a Part 4 if not the cinematic equivalent of those awkward tween years?",
203," November 17, 2005", Goblet shifts effortlessly from dark to light to dark again.,3.5/4
204," November 17, 2005", Goblet of Fire is indisputably the best movie in the franchise thus far.,A-
205," November 17, 2005"," [Newell] balances delicately between whimsy and the ominous, on the uncertain middle ground where Harry lives, poised between fun at school, teenage romance and the dark abyss.",3.5/4
206," November 17, 2005"," Newell continues to improve on a world that's enthralling to explore ... in spite of the pouting, cheating little dullard at the center of it all.",B
207," November 17, 2005"," Here, finally, is a Harry Potter movie that approaches the timelessness of J.K. Rowling's novels.",3.5/4
208," November 17, 2005", Harry Potter puts away childish things in Goblet of Fire.,3/4
209," November 17, 2005", The greatest magic of this book - and this film - is that it doesn't pretend that growing up won't change everything. It's the first Potter film where reality and fantasy are equally fascinating.,3.5/4
210," November 17, 2005", While [it] doesn't come close to matching the magic of its predecessor...it's slick and exciting enough to satisfy the fans of the series.,B
211," November 17, 2005"," True to the form of previous Potter films, the busy story tends to lose track of characters, hyperactively vaulting from one plotline to the next without satisfying resolutions or transitions.",2.5/4
212," November 17, 2005", The first wholly dispensable installment.,2/4
213," November 17, 2005"," The actors play second fiddle to the special effects, and that's not how I like my Harry Potter movies. ",B-
214," November 17, 2005", It's like this: The book is sensational. The movie is sensationalistic. Both are enjoyable. The book is better.,
215," November 17, 2005", There is a level of horror operating here that raises this beyond escapist family fare and into the realm of cutting -- heh -- metaphor for teenhood: the agony of adolescence.,
216," November 17, 2005", Harry Potter's not just for kids anymore. Director Mike Newell has reset the bar for the series and delivered a smashingly dark and dramatic film,A-
217," November 17, 2005", The part with the dragon is really cool.,
218," November 16, 2005", These films just keep getting better and better.,9/10
219," November 16, 2005"," Marvelously directed and artistically without fault, it's the series' most complete and satisfying entry to date on all counts.",3.5/4
220," November 16, 2005", The fourth and most boring entry in the franchise.,
221," November 16, 2005"," The direction is phenomenal! Seldom does even a 90-min production come along with such a vibrant pace (this is 150!). A strong film overall, though the climax is a bit weak.",3.5/4
222," November 16, 2005", Childhood ends for the young wizard with the zigzag scar in the happily satisfying film adaptation of the fourth book in J. K. Rowling's series.,
223," November 16, 2005", Harry Potter and the Goblet of Fire does have its quota of antic marvels.,B-
224," November 16, 2005"," A first-class adventure story loaded with spectacle, character, and heart.",A-
225," November 16, 2005"," Radcliffe is literally and figuratively growing into his role, while Watson shows greater fire and depth. And Grint's rubbery charm is intact.",3/4
226," November 16, 2005", Harry Potter has become a rare cinematic constant -- something to be anticipated every year or two.,3/4
227," November 16, 2005", All about how Harry completes three difficult challenges and deals with the rollercoaster ride of adolescent emotions and energies.,3/5
228," November 16, 2005"," Cute no more, Goblet of Fire enchants with a darker aura of suspense and welcomed menace.",
229," November 16, 2005", This overly long reading from the Rowling scriptures [is] a certain recipe for slumber.,2/4
230," November 15, 2005", Not just the best Harry Potter movie so far. It's also one of the most entertaining movies of the year.,4/4
231," November 15, 2005"," To this viewer and reader, the decade-old juggernaut is as deeply felt as it is flawed, dense and illogical and laudably weird.",
232," November 15, 2005"," effortlessly sweeps the audience into that enchanted world of Hogwarts School of Witchcraft and Wizardry, where good and evil are more than just abstract concepts in a dusty old philosophy book",4/5
233," November 15, 2005"," What's amazing about the Harry Potter franchise is that the films get better and better! Or, as Harry puts it, 'I love magic!'",10/10
234," November 15, 2005", The best Harry Potter picture yet.,3/4
235," November 15, 2005"," Exactly what fans are looking for, offering eye-boggling spectacle and lots of well-executed action scenes.",3/4
236," November 15, 2005"," Now that puberty has struck the Harry Potter universe, the series ought to move away from the insipid kid stuff.",2/4
237," November 14, 2005", Harry Potter And The Goblet Of Fire is an endurance test for its audience.,D
238," November 14, 2005", It's hard to resist.,3/4
239," November 14, 2005"," Despite the skill and spectacle of the special effects, the prosaic storytelling is never interesting as cinema.",Full ReviewRead More 
240," November 13, 2005"," Welcome to Potter in PG-13... hip, heroic, humorous and... dare I say it? Harry's a hottie!",A
241," November 11, 2005", The first [Potter film] to really get under the skin of these characters. Strip away the CG dragons and sweeping vistas and you'll find Goblet of Fire has just as much impact.,5/5
242," November 11, 2005", Newell sees to it that the characters who made the 147 minute final cut fully realize Rowling's invention.,4.5/5
243," November 9, 2005", The best one yet.,
244," November 9, 2005"," The filmmakers keep the narrative screws fastened tight, which gives The Goblet of Fire an intensity that rarely flags.",
245," November 8, 2005"," The first Brit to direct Harry Potter, Newell brings a sense of anarchy to the school scenes and centers on the rites of passage of his adolescent protags",B
246," November 7, 2005", It seems like only yesterday the three wizardy sprigs were battling giant spiders and cracking conspiracies in the girls' toilets. That knowing comedy keeps this episode sharp.,3/5
247," October 27, 2005", Newell deftly avoids the mistake of making a kids' movie in which even the worst threat feels safe.,4/5
248," May 11, 2005"," This is a good movie, and a fun movie, but not a great movie. I think Harry's fans are pretty happy with mediocre. At least mediocre isn't bad.",3.5/5
249," December 6, 2005", ,D
250," December 6, 2005", ,2/5
