,Date,Review,Rating
0," May 15, 2019"," If anything, it veers into the ""so bad it's good"" territory of cinema's terrain. It also offers also plenty of opportunities to examine Chinese projections of armageddon and bureaucracy... However, none of these elements make it a good film.",1.5/5
1," May 14, 2019"," It's almost impressive how Gwo manages to rip off ""Gravity,"" ""Sunshine,"" and ""2001,"" all at the same time.",D+
2," May 14, 2019"," It's exactly the mix of cheesy and crowd-pleasing that you'd expect from a blockbuster, with eye-popping CGI sci-fi set dressing to give it a little extra oomph.",
3," May 14, 2019"," Critics well-versed in the relationship between state and cinema will undoubtedly have a lot to say about those themes, but this should not detract from the fact that, as a piece of broad entertainment, there is plenty to enjoy.",
4," May 14, 2019"," Loud, frenetic, and filled with sublime industrial and cosmic moments, blasts for fire and rockets, falling boulders and chunks of ice and blocks of concrete.",
5," May 11, 2019"," Escapist in the broadest and most accessible sense of the word, champion of a humanism for all audiences and without complications. [Full Review in Spanish]",3.5/5
6," May 7, 2019"," Only the most hardcore gluttons for Roland Emmerich- and Dean Devlin-style mayhem will enjoy this thing, which pegs the Nonsense-O-Meter into the red until it pops.",
7," May 6, 2019"," The typical reluctant hero story entertains, and the film never loses its visual charm. [Full review in Spanish]",3/5
8," April 11, 2019"," Director Frant Gwo shoots these scenes with utter confidence and clarity, as well as something simple that is often forgotten with stories in fantastical worlds: awe.",
9," March 8, 2019"," The film's dazzling, and big, and genuinely epic in its concerns and portent; but frankly, it's also kind of a chore to get through.",2.5/5
10," March 8, 2019"," Think Pacific Rim's heart in When Worlds Collide's body, wearing Armageddon's clothes; hinged on what's easily the most *ridiculous* not-outright-fantasy sci-fi conceit anyone has attempted to put to live action in (probably?) my lifetime.",3.5/4
11," March 5, 2019"," The Wandering Earth may seem like one small step in the eyes of Western moviegoers, but it is one giant leap for Chinese cinema. ",
12," March 1, 2019"," Once you get past the ridiculous central conceit and all the info dumps the film is a sturdy romp with several cool set pieces of the frozen world, some stellar interpretations of Jupiter's Great Red Spot and a pleasantly hopeful, humanitarian message.",
13," February 28, 2019", This film's success ... may finally have opened the pod bay doors for more Chinese science-fiction films.,3/5
14," February 27, 2019"," Proves that when it comes to watching special-effects extravaganzas in which stock characters scramble to intervene while the planet faces obliteration, it's a small world after all.",
15," February 27, 2019"," As manufactured as the film is, The Wandering Earth is so ambitiously action-packed and visually stunning that it's difficult not to be taken along for the ride.",6/10
16," February 21, 2019"," The characters remain archetypes, but the film eventually earns its syrupy sentimentality.",
17," February 19, 2019"," It makes absolutely zero sense at times, especially in the frantic and bonkers third act.",
18," February 17, 2019"," It certainly proves that the Chinese film industry can hold its own at the multiplex: It is just as awash in murky computer imagery, stupefying exposition and manipulative sentimentality as the average Hollywood tentpole.",
19," February 17, 2019"," The Wandering Earth is a marvel of imagination, inspiration, execution, and excitement",
20," February 15, 2019", If you have any palate for big over-the-top scifi blockbusters I think you will really enjoy The Wandering Earth. Who knows? You might even find yourself cheering the Chinese on as they save the Earth ,8/10
21," February 15, 2019", I can't think of another recent computer-graphics-driven blockbuster that left me feeling this giddy because of its creators' consummate attention to detail and infectious can-do spirit.,3.5/4
22," February 11, 2019"," Director Frant Gwo gives the film a surprising stateliness, especially in the scenes of the mobile Earth wandering the cosmos, wreathed in tiny blue jets that leave eerie space-contrails behind.",
23," February 11, 2019", It's worth a look if you're curious about the future of tentpole cinema.,6/10
24," February 6, 2019"," Even before it concludes in a bombastic manner that is more Michael Bay than Christopher Nolan, it's apparent that The Wandering Earth has made a giant leap for China's science fiction cinema but not for the genre itself.",
